{
  "version": "v1_retrain",
  "target": "crackle",
  "timestamp": "20260219_105010",
  "model_type": "SVC",
  "test_f1": 0.7217235188509874,
  "kernel": "rbf",
  "class_weight": {
    "0": 1,
    "1": 3
  },
  "classification_report": {
    "0": {
      "precision": 0.984375,
      "recall": 0.5542521994134897,
      "f1-score": 0.7091932457786116,
      "support": 341.0
    },
    "1": {
      "precision": 0.5694050991501416,
      "recall": 0.9852941176470589,
      "f1-score": 0.7217235188509874,
      "support": 204.0
    },
    "accuracy": 0.7155963302752294,
    "macro avg": {
      "precision": 0.7768900495750708,
      "recall": 0.7697731585302743,
      "f1-score": 0.7154583823147995,
      "support": 545.0
    },
    "weighted avg": {
      "precision": 0.8290468169295944,
      "recall": 0.7155963302752294,
      "f1-score": 0.7138834764332258,
      "support": 545.0
    }
  },
  "confusion_matrix": [
    [
      189,
      152
    ],
    [
      3,
      201
    ]
  ]
}