{
  "version": "v1",
  "target": "crackle",
  "timestamp": "20260211_181326",
  "model_type": "LogisticRegression",
  "test_f1": 0.6751054852320675,
  "class_weights": {
    "0": 1,
    "1": 3
  },
  "classification_report": {
    "0": {
      "precision": 0.84,
      "recall": 0.6774193548387096,
      "f1-score": 0.75,
      "support": 341.0
    },
    "1": {
      "precision": 0.5925925925925926,
      "recall": 0.7843137254901961,
      "f1-score": 0.6751054852320675,
      "support": 204.0
    },
    "accuracy": 0.7174311926605504,
    "macro avg": {
      "precision": 0.7162962962962962,
      "recall": 0.7308665401644528,
      "f1-score": 0.7125527426160337,
      "support": 545.0
    },
    "weighted avg": {
      "precision": 0.7473924566768603,
      "recall": 0.7174311926605504,
      "f1-score": 0.7219660898850307,
      "support": 545.0
    }
  }
}