{
  "version": "v1_retrain",
  "target": "wheeze",
  "timestamp": "20260219_111212",
  "model_type": "LogisticRegression",
  "test_f1": 0.4095238095238095,
  "class_weights": {
    "0": 0.589859437751004,
    "1": 3.282122905027933
  },
  "classification_report": {
    "0": {
      "precision": 0.875,
      "recall": 0.84375,
      "f1-score": 0.8590909090909091,
      "support": 448.0
    },
    "1": {
      "precision": 0.3805309734513274,
      "recall": 0.44329896907216493,
      "f1-score": 0.4095238095238095,
      "support": 97.0
    },
    "accuracy": 0.7724770642201835,
    "macro avg": {
      "precision": 0.6277654867256637,
      "recall": 0.6435244845360825,
      "f1-score": 0.6343073593073594,
      "support": 545.0
    },
    "weighted avg": {
      "precision": 0.7869935861005114,
      "recall": 0.7724770642201835,
      "f1-score": 0.7790762143055721,
      "support": 545.0
    }
  },
  "confusion_matrix": [
    [
      378,
      70
    ],
    [
      54,
      43
    ]
  ]
}