{
  "version": "v1_retrain",
  "target": "crackle",
  "timestamp": "20260219_105004",
  "model_type": "LogisticRegression",
  "test_f1": 0.7156398104265402,
  "class_weights": {
    "0": 1,
    "1": 3
  },
  "classification_report": {
    "0": {
      "precision": 0.8379204892966361,
      "recall": 0.8035190615835777,
      "f1-score": 0.8203592814371258,
      "support": 341.0
    },
    "1": {
      "precision": 0.6926605504587156,
      "recall": 0.7401960784313726,
      "f1-score": 0.7156398104265402,
      "support": 204.0
    },
    "accuracy": 0.7798165137614679,
    "macro avg": {
      "precision": 0.7652905198776758,
      "recall": 0.7718575700074751,
      "f1-score": 0.767999545931833,
      "support": 545.0
    },
    "weighted avg": {
      "precision": 0.7835479617316162,
      "recall": 0.7798165137614679,
      "f1-score": 0.7811615344900443,
      "support": 545.0
    }
  },
  "confusion_matrix": [
    [
      274,
      67
    ],
    [
      53,
      151
    ]
  ]
}