{
  "version": "v1",
  "target": "crackle",
  "timestamp": "20260211_181327",
  "model_type": "MLPClassifier",
  "test_f1": 0.7204301075268817,
  "hidden_layer_sizes": [
    128,
    64
  ],
  "sample_weights": {
    "0": 1,
    "1": 3
  },
  "classification_report": {
    "0": {
      "precision": 0.9842931937172775,
      "recall": 0.5513196480938416,
      "f1-score": 0.706766917293233,
      "support": 341.0
    },
    "1": {
      "precision": 0.5677966101694916,
      "recall": 0.9852941176470589,
      "f1-score": 0.7204301075268817,
      "support": 204.0
    },
    "accuracy": 0.7137614678899082,
    "macro avg": {
      "precision": 0.7760449019433846,
      "recall": 0.7683068828704502,
      "f1-score": 0.7135985124100575,
      "support": 545.0
    },
    "weighted avg": {
      "precision": 0.8283935551048953,
      "recall": 0.7137614678899082,
      "f1-score": 0.7118812123531676,
      "support": 545.0
    }
  }
}