{
  "version": "v1_retrain",
  "target": "crackle",
  "timestamp": "20260219_105012",
  "model_type": "MLPClassifier",
  "test_f1": 0.7524752475247525,
  "hidden_layer_sizes": [
    128,
    64
  ],
  "sample_weights": {
    "0": 1,
    "1": 3
  },
  "classification_report": {
    "0": {
      "precision": 0.9426229508196722,
      "recall": 0.6744868035190615,
      "f1-score": 0.7863247863247863,
      "support": 341.0
    },
    "1": {
      "precision": 0.6312292358803987,
      "recall": 0.9313725490196079,
      "f1-score": 0.7524752475247525,
      "support": 204.0
    },
    "accuracy": 0.7706422018348624,
    "macro avg": {
      "precision": 0.7869260933500355,
      "recall": 0.8029296762693348,
      "f1-score": 0.7694000169247694,
      "support": 545.0
    },
    "weighted avg": {
      "precision": 0.8260645694479074,
      "recall": 0.7706422018348624,
      "f1-score": 0.7736545002418379,
      "support": 545.0
    }
  },
  "confusion_matrix": [
    [
      230,
      111
    ],
    [
      14,
      190
    ]
  ]
}