{
  "version": "v1",
  "timestamp": "20260211_154623",
  "models": {
    "random_forest_crackle": {
      "version": "v1",
      "target": "crackle",
      "timestamp": "20260211_153821",
      "model_type": "RandomForestClassifier",
      "best_params": {
        "max_depth": 10,
        "max_features": "sqrt",
        "min_samples_leaf": 2,
        "min_samples_split": 10,
        "n_estimators": 100
      },
      "best_cv_score": 0.6176493214415817,
      "test_f1": 0.6826923076923077,
      "class_weights": {
        "0": 1,
        "1": 3
      },
      "classification_report": {
        "0": {
          "precision": 0.8138138138138138,
          "recall": 0.7947214076246334,
          "f1-score": 0.8041543026706232,
          "support": 341.0
        },
        "1": {
          "precision": 0.6698113207547169,
          "recall": 0.696078431372549,
          "f1-score": 0.6826923076923077,
          "support": 204.0
        },
        "accuracy": 0.7577981651376147,
        "macro avg": {
          "precision": 0.7418125672842654,
          "recall": 0.7453999194985912,
          "f1-score": 0.7434233051814654,
          "support": 545.0
        },
        "weighted avg": {
          "precision": 0.7599119632008675,
          "recall": 0.7577981651376147,
          "f1-score": 0.7586896293209417,
          "support": 545.0
        }
      }
    },
    "logistic_regression_crackle": {
      "version": "v1",
      "target": "crackle",
      "timestamp": "20260211_153821",
      "model_type": "LogisticRegression",
      "test_f1": 0.6751054852320675,
      "class_weights": {
        "0": 1,
        "1": 3
      },
      "classification_report": {
        "0": {
          "precision": 0.84,
          "recall": 0.6774193548387096,
          "f1-score": 0.75,
          "support": 341.0
        },
        "1": {
          "precision": 0.5925925925925926,
          "recall": 0.7843137254901961,
          "f1-score": 0.6751054852320675,
          "support": 204.0
        },
        "accuracy": 0.7174311926605504,
        "macro avg": {
          "precision": 0.7162962962962962,
          "recall": 0.7308665401644528,
          "f1-score": 0.7125527426160337,
          "support": 545.0
        },
        "weighted avg": {
          "precision": 0.7473924566768603,
          "recall": 0.7174311926605504,
          "f1-score": 0.7219660898850307,
          "support": 545.0
        }
      }
    },
    "svm_crackle": {
      "version": "v1",
      "target": "crackle",
      "timestamp": "20260211_153822",
      "model_type": "SVC",
      "test_f1": 0.7182320441988951,
      "kernel": "rbf",
      "class_weight": {
        "0": 1,
        "1": 3
      },
      "classification_report": {
        "0": {
          "precision": 0.9563106796116505,
          "recall": 0.5777126099706745,
          "f1-score": 0.720292504570384,
          "support": 341.0
        },
        "1": {
          "precision": 0.5752212389380531,
          "recall": 0.9558823529411765,
          "f1-score": 0.7182320441988951,
          "support": 204.0
        },
        "accuracy": 0.7192660550458716,
        "macro avg": {
          "precision": 0.7657659592748518,
          "recall": 0.7667974814559255,
          "f1-score": 0.7192622743846395,
          "support": 545.0
        },
        "weighted avg": {
          "precision": 0.8136643568641022,
          "recall": 0.7192660550458716,
          "f1-score": 0.7195212496790376,
          "support": 545.0
        }
      }
    },
    "mlp_crackle": {
      "version": "v1",
      "target": "crackle",
      "timestamp": "20260211_153822",
      "model_type": "MLPClassifier",
      "test_f1": 0.7204301075268817,
      "hidden_layer_sizes": [
        128,
        64
      ],
      "sample_weights": {
        "0": 1,
        "1": 3
      },
      "classification_report": {
        "0": {
          "precision": 0.9842931937172775,
          "recall": 0.5513196480938416,
          "f1-score": 0.706766917293233,
          "support": 341.0
        },
        "1": {
          "precision": 0.5677966101694916,
          "recall": 0.9852941176470589,
          "f1-score": 0.7204301075268817,
          "support": 204.0
        },
        "accuracy": 0.7137614678899082,
        "macro avg": {
          "precision": 0.7760449019433846,
          "recall": 0.7683068828704502,
          "f1-score": 0.7135985124100575,
          "support": 545.0
        },
        "weighted avg": {
          "precision": 0.8283935551048953,
          "recall": 0.7137614678899082,
          "f1-score": 0.7118812123531676,
          "support": 545.0
        }
      }
    },
    "random_forest_wheeze": {
      "version": "v1",
      "target": "wheeze",
      "timestamp": "20260211_154622",
      "model_type": "RandomForestClassifier",
      "best_params": {
        "max_depth": 10,
        "max_features": "sqrt",
        "min_samples_leaf": 4,
        "min_samples_split": 2,
        "n_estimators": 300
      },
      "best_cv_score": 0.24228328988963455,
      "test_f1": 0.3050847457627119,
      "class_weights": {
        "0": 1,
        "1": 6
      },
      "classification_report": {
        "0": {
          "precision": 0.8492366412213741,
          "recall": 0.9933035714285714,
          "f1-score": 0.9156378600823045,
          "support": 448.0
        },
        "1": {
          "precision": 0.8571428571428571,
          "recall": 0.18556701030927836,
          "f1-score": 0.3050847457627119,
          "support": 97.0
        },
        "accuracy": 0.8495412844036697,
        "macro avg": {
          "precision": 0.8531897491821157,
          "recall": 0.5894352908689249,
          "f1-score": 0.6103613029225082,
          "support": 545.0
        },
        "weighted avg": {
          "precision": 0.850643802587216,
          "recall": 0.8495412844036697,
          "f1-score": 0.8069706085428541,
          "support": 545.0
        }
      }
    },
    "logistic_regression_wheeze": {
      "version": "v1",
      "target": "wheeze",
      "timestamp": "20260211_154622",
      "model_type": "LogisticRegression",
      "test_f1": 0.47474747474747475,
      "class_weights": {
        "0": 1,
        "1": 6
      },
      "classification_report": {
        "0": {
          "precision": 0.8873873873873874,
          "recall": 0.8794642857142857,
          "f1-score": 0.8834080717488789,
          "support": 448.0
        },
        "1": {
          "precision": 0.46534653465346537,
          "recall": 0.4845360824742268,
          "f1-score": 0.47474747474747475,
          "support": 97.0
        },
        "accuracy": 0.8091743119266055,
        "macro avg": {
          "precision": 0.6763669610204264,
          "recall": 0.6820001840942562,
          "f1-score": 0.6790777732481769,
          "support": 545.0
        },
        "weighted avg": {
          "precision": 0.8122718594696068,
          "recall": 0.8091743119266055,
          "f1-score": 0.810673983842207,
          "support": 545.0
        }
      }
    },
    "svm_wheeze": {
      "version": "v1",
      "target": "wheeze",
      "timestamp": "20260211_154623",
      "model_type": "SVC",
      "test_f1": 0.5,
      "kernel": "rbf",
      "class_weight": {
        "0": 1,
        "1": 6
      },
      "classification_report": {
        "0": {
          "precision": 0.9293785310734464,
          "recall": 0.734375,
          "f1-score": 0.8204488778054863,
          "support": 448.0
        },
        "1": {
          "precision": 0.3769633507853403,
          "recall": 0.7422680412371134,
          "f1-score": 0.5,
          "support": 97.0
        },
        "accuracy": 0.7357798165137615,
        "macro avg": {
          "precision": 0.6531709409293933,
          "recall": 0.7383215206185567,
          "f1-score": 0.6602244389027432,
          "support": 545.0
        },
        "weighted avg": {
          "precision": 0.8310587650405173,
          "recall": 0.7357798165137615,