{
  "split_version": "v2",
  "embedding_size": 6144,
  "embedding_version": "v2",
  "timestamp": "20260212_100400",
  "embeddings_file": "/Users/peterkearney/Documents/Eko/icbhi_embedding_approach/features/embeddings/openl3_6144_v2.npz",
  "test_size": 0.3,
  "random_state": 42,
  "n_train_samples": 1175,
  "n_test_samples": 545,
  "n_train_patients": 68,
  "n_test_patients": 30,
  "split_on": "crackle",
  "train_crackle_positive_rate": 0.3923404255319149,
  "test_crackle_positive_rate": 0.3743119266055046,
  "train_wheeze_positive_rate": 0.1523404255319149,
  "test_wheeze_positive_rate": 0.1779816513761468,
  "train_patients": [
    "210",
    "110",
    "213",
    "127",
    "207",
    "109",
    "178",
    "112",
    "142",
    "170",
    "161",
    "199",
    "188",
    "214",
    "126",
    "204",
    "183",
    "184",
    "107",
    "157",
    "174",
    "162",
    "119",
    "201",
    "159",
    "116",
    "108",
    "180",
    "151",
    "175",
    "156",
    "193",
    "124",
    "134",
    "226",
    "194",
    "169",
    "140",
    "219",
    "138",
    "172",
    "177",
    "215",
    "141",
    "211",
    "192",
    "122",
    "148",
    "166",
    "187",
    "203",
    "115",
    "129",
    "163",
    "218",
    "196",
    "103",
    "146",
    "202",
    "120",
    "168",
    "147",
    "101",
    "186",
    "206",
    "152",
    "155",
    "176"
  ],
  "test_patients": [
    "130",
    "158",
    "113",
    "198",
    "181",
    "123",
    "114",
    "133",
    "200",
    "104",
    "160",
    "195",
    "185",
    "221",
    "118",
    "153",
    "102",
    "132",
    "131",
    "223",
    "220",
    "171",
    "106",
    "135",
    "137",
    "136",
    "205",
    "179",
    "154",
    "139"
  ]
}